Type of Crisis,release_year,title
Africa,1960,"['Psycho', 'Psycho', 'Psycho', 'Psycho', 'Psycho', 'Peeping Tom', 'Peeping Tom', 'Peeping Tom', 'Peeping Tom', 'Peeping Tom', 'Village of the Damned', 'Village of the Damned', 'Village of the Damned', 'Village of the Damned', 'Village of the Damned', 'The Brides of Dracula', 'The Brides of Dracula', 'The Brides of Dracula', 'The Brides of Dracula', 'The Brides of Dracula', '13 Ghosts', '13 Ghosts', '13 Ghosts', '13 Ghosts', '13 Ghosts', 'Eyes Without a Face', 'Eyes Without a Face', 'Eyes Without a Face', 'Eyes Without a Face', 'Eyes Without a Face']"
Africa,1962,['What Ever Happened to Baby Jane?']
Africa,1964,"['Onibaba', 'Onibaba']"
Africa,1967,"['The Fearless Vampire Killers', 'Wait Until Dark', 'Viy']"
Africa,1969,"['Marquis de Sade: Justine', 'Marquis de Sade: Justine']"
Africa,1973,['The Exorcist']
Africa,1974,"['The Texas Chain Saw Massacre', 'The Texas Chain Saw Massacre', 'Black Christmas', 'Black Christmas']"
Africa,1975,"['Jaws', 'Jaws', 'Deep Throat in Tokyo', 'Deep Throat in Tokyo', 'The Rocky Horror Picture Show', 'The Rocky Horror Picture Show']"
Africa,1976,"['Rape!', 'Carrie', 'Salò, or the 120 Days of Sodom']"
Africa,1977,"['Exorcist II: The Heretic', 'Exorcist II: The Heretic', 'Exorcist II: The Heretic', 'Suspiria', 'Suspiria', 'Suspiria', 'Call of the Blonde Goddess', 'Call of the Blonde Goddess', 'Call of the Blonde Goddess', 'Emanuelle and the Last Cannibals', 'Emanuelle and the Last Cannibals', 'Emanuelle and the Last Cannibals']"
Africa,1978,"['Halloween', 'Halloween', 'Dawn of the Dead', 'Dawn of the Dead', 'Day of the Woman', 'Day of the Woman', 'Damien: Omen II', 'Damien: Omen II']"
Africa,1979,"['Alien', 'Alien', 'Alien', 'The Amityville Horror', 'The Amityville Horror', 'The Amityville Horror']"
Africa,1980,"['The Shining', 'The Shining', 'The Shining', 'The Shining', 'The Shining', 'Friday the 13th', 'Friday the 13th', 'Friday the 13th', 'Friday the 13th', 'Friday the 13th', 'Cannibal Holocaust', 'Cannibal Holocaust', 'Cannibal Holocaust', 'Cannibal Holocaust', 'Cannibal Holocaust']"
Africa,1986,"['The Texas Chainsaw Massacre 2', 'The Fly']"
Africa,1987,"[""Dragon Ball: Sleeping Princess in Devil's Castle""]"
Africa,1990,"['Erotic Ghost Story', 'Erotic Ghost Story']"
Africa,1991,"[""Child's Play 3"", ""Child's Play 3"", ""Child's Play 3""]"
Africa,1992,"[""Bram Stoker's Dracula"", 'Alien³', 'Erotic Ghost Story III', 'Dr. Lamb']"
Africa,1994,"['A Chinese Torture Chamber Story', 'Interview with the Vampire']"
Africa,1996,"['Scream', 'From Dusk Till Dawn']"
Africa,1998,"['Blade', 'Blade', 'Bride of Chucky', 'Bride of Chucky', 'The Faculty', 'The Faculty']"
Africa,2000,"['Final Destination', 'Final Destination', 'Final Destination', 'Scream 3', 'Scream 3', 'Scream 3']"
Africa,2002,"['28 Days Later', '28 Days Later', '28 Days Later', '28 Days Later', '28 Days Later']"
Africa,2003,"['Final Destination 2', 'Final Destination 2', 'Final Destination 2', 'Wrong Turn', 'Wrong Turn', 'Wrong Turn', 'Jeepers Creepers 2', 'Jeepers Creepers 2', 'Jeepers Creepers 2', 'The Texas Chainsaw Massacre', 'The Texas Chainsaw Massacre', 'The Texas Chainsaw Massacre']"
Africa,2004,"['Van Helsing', 'Van Helsing', 'Van Helsing', 'Saw', 'Saw', 'Saw', 'Dawn of the Dead', 'Dawn of the Dead', 'Dawn of the Dead', 'Anacondas: The Hunt for the Blood Orchid', 'Anacondas: The Hunt for the Blood Orchid', 'Anacondas: The Hunt for the Blood Orchid', 'Shaun of the Dead', 'Shaun of the Dead', 'Shaun of the Dead']"
Africa,2005,['Constantine']
Africa,2006,"['Slaughtered Vomit Dolls', 'The Hills Have Eyes', 'Final Destination 3']"
Africa,2007,"['Wrong Turn 2: Dead End', 'Wrong Turn 2: Dead End', 'Aliens vs Predator: Requiem', 'Aliens vs Predator: Requiem']"
Africa,2009,"['The Human Centipede (First Sequence)', 'Wrong Turn 3: Left for Dead']"
Africa,2010,['Splice']
Armenia,1988,"[""Child's Play""]"
Armenia,1990,['Erotic Ghost Story']
Armenia ,2010,['Splice']
Armenia ,2011,"['Terrifier', 'Thriller Night']"
Armenia ,2013,"['The Conjuring', 'World War Z', ""All Hallows' Eve""]"
Armenia ,2016,"['Train to Busan', 'The Conjuring 2']"
Armenia ,2018,"['Terrifier', 'Terrifier', 'A Quiet Place', 'A Quiet Place', 'Hereditary', 'Hereditary', 'The Meg', 'The Meg']"
Asia,2002,['28 Days Later']
Asia,2006,"['Slaughtered Vomit Dolls', 'The Hills Have Eyes', 'Final Destination 3']"
Asia,2009,"['The Human Centipede (First Sequence)', 'Wrong Turn 3: Left for Dead']"
Asia,2010,"['Splice', 'Splice']"
Asia,2011,"['Terrifier', 'Thriller Night']"
Asia,2012,"['Wrong Turn 5: Bloodlines', 'Wrong Turn 5: Bloodlines', 'Wrong Turn 5: Bloodlines']"
Asia ,1960,"['Psycho', 'Psycho', 'Psycho', 'Psycho', 'Psycho', 'Psycho', 'Psycho', 'Psycho', 'Psycho', 'Psycho', 'Peeping Tom', 'Peeping Tom', 'Peeping Tom', 'Peeping Tom', 'Peeping Tom', 'Peeping Tom', 'Peeping Tom', 'Peeping Tom', 'Peeping Tom', 'Peeping Tom', 'Village of the Damned', 'Village of the Damned', 'Village of the Damned', 'Village of the Damned', 'Village of the Damned', 'Village of the Damned', 'Village of the Damned', 'Village of the Damned', 'Village of the Damned', 'Village of the Damned', 'The Brides of Dracula', 'The Brides of Dracula', 'The Brides of Dracula', 'The Brides of Dracula', 'The Brides of Dracula', 'The Brides of Dracula', 'The Brides of Dracula', 'The Brides of Dracula', 'The Brides of Dracula', 'The Brides of Dracula', '13 Ghosts', '13 Ghosts', '13 Ghosts', '13 Ghosts', '13 Ghosts', '13 Ghosts', '13 Ghosts', '13 Ghosts', '13 Ghosts', '13 Ghosts', 'Eyes Without a Face', 'Eyes Without a Face', 'Eyes Without a Face', 'Eyes Without a Face', 'Eyes Without a Face', 'Eyes Without a Face', 'Eyes Without a Face', 'Eyes Without a Face', 'Eyes Without a Face', 'Eyes Without a Face']"
Asia ,1962,"['What Ever Happened to Baby Jane?', 'What Ever Happened to Baby Jane?']"
Asia ,1963,"['The Birds', 'The Birds', 'The Birds', 'The Day of the Triffids', 'The Day of the Triffids', 'The Day of the Triffids']"
Asia ,1964,"['Onibaba', 'Onibaba', 'Onibaba', 'Onibaba', 'Onibaba']"
Asia ,1965,"['Planet of the Vampires', 'Planet of the Vampires', 'Planet of the Vampires', 'Planet of the Vampires', 'Planet of the Vampires', 'Repulsion', 'Repulsion', 'Repulsion', 'Repulsion', 'Repulsion']"
Asia ,1966,"['Munster, Go Home!', 'Munster, Go Home!']"
Asia ,1967,"['The Fearless Vampire Killers', 'Wait Until Dark', 'Viy']"
Asia ,1968,"[""Rosemary's Baby"", ""Rosemary's Baby"", ""Rosemary's Baby"", 'Night of the Living Dead', 'Night of the Living Dead', 'Night of the Living Dead', ""Shogun's Joy of Torture"", ""Shogun's Joy of Torture"", ""Shogun's Joy of Torture""]"
Asia ,1969,"['Marquis de Sade: Justine', 'Marquis de Sade: Justine', 'Marquis de Sade: Justine']"
Asia ,1972,"['The Case of the Bloody Iris', 'The Case of the Bloody Iris']"
Asia ,1973,['The Exorcist']
Asia ,1974,"['The Texas Chain Saw Massacre', 'Black Christmas']"
Asia ,1975,"['Jaws', 'Jaws', 'Jaws', 'Jaws', 'Jaws', 'Jaws', 'Jaws', 'Deep Throat in Tokyo', 'Deep Throat in Tokyo', 'Deep Throat in Tokyo', 'Deep Throat in Tokyo', 'Deep Throat in Tokyo', 'Deep Throat in Tokyo', 'Deep Throat in Tokyo', 'The Rocky Horror Picture Show', 'The Rocky Horror Picture Show', 'The Rocky Horror Picture Show', 'The Rocky Horror Picture Show', 'The Rocky Horror Picture Show', 'The Rocky Horror Picture Show', 'The Rocky Horror Picture Show']"
Asia ,1978,"['Halloween', 'Dawn of the Dead', 'Day of the Woman', 'Damien: Omen II']"
Asia ,1980,"['The Shining', 'The Shining', 'Friday the 13th', 'Friday the 13th', 'Cannibal Holocaust', 'Cannibal Holocaust']"
Asia ,1981,"['Porno', 'The Evil Dead', 'Possession', 'Sadomania', 'An American Werewolf in London']"
Asia ,1986,"['The Texas Chainsaw Massacre 2', 'The Texas Chainsaw Massacre 2', 'The Fly', 'The Fly']"
Asia ,1987,"[""Dragon Ball: Sleeping Princess in Devil's Castle""]"
Asia ,1988,"[""Child's Play""]"
Asia ,1990,"['Erotic Ghost Story', 'Erotic Ghost Story', 'Erotic Ghost Story', 'Erotic Ghost Story', 'Erotic Ghost Story']"
Asia ,1991,"[""Child's Play 3""]"
Asia ,1992,"[""Bram Stoker's Dracula"", 'Alien³', 'Erotic Ghost Story III', 'Dr. Lamb']"
Asia ,1994,"['A Chinese Torture Chamber Story', 'A Chinese Torture Chamber Story', 'Interview with the Vampire', 'Interview with the Vampire']"
Asia ,1997,"['Alien Resurrection', ""The Devil's Advocate"", 'Scream 2', 'I Know What You Did Last Summer', 'Anaconda']"
Asia ,1998,"['Blade', 'Bride of Chucky', 'The Faculty']"
Asia ,2013,"['The Conjuring', 'The Conjuring', 'The Conjuring', 'The Conjuring', 'World War Z', 'World War Z', 'World War Z', 'World War Z', ""All Hallows' Eve"", ""All Hallows' Eve"", ""All Hallows' Eve"", ""All Hallows' Eve""]"
Asia ,2015,"['Krampus', 'Scouts Guide to the Zombie Apocalypse']"
Asia ,2016,"['Train to Busan', 'Train to Busan', 'The Conjuring 2', 'The Conjuring 2']"
Asia ,2017,"['Alien: Covenant', 'Life']"
Asia ,2018,"['Terrifier', 'Terrifier', 'Terrifier', 'Terrifier', 'A Quiet Place', 'A Quiet Place', 'A Quiet Place', 'A Quiet Place', 'Hereditary', 'Hereditary', 'Hereditary', 'Hereditary', 'The Meg', 'The Meg', 'The Meg', 'The Meg']"
Asia ,2019,"['It Chapter Two', 'It Chapter Two', 'It Chapter Two', 'It Chapter Two', 'Ready or Not', 'Ready or Not', 'Ready or Not', 'Ready or Not', 'Midsommar', 'Midsommar', 'Midsommar', 'Midsommar']"
Australasia,1960,"['Psycho', 'Psycho', 'Psycho', 'Peeping Tom', 'Peeping Tom', 'Peeping Tom', 'Village of the Damned', 'Village of the Damned', 'Village of the Damned', 'The Brides of Dracula', 'The Brides of Dracula', 'The Brides of Dracula', '13 Ghosts', '13 Ghosts', '13 Ghosts', 'Eyes Without a Face', 'Eyes Without a Face', 'Eyes Without a Face']"
Australasia,1965,"['Planet of the Vampires', 'Planet of the Vampires', 'Repulsion', 'Repulsion']"
Australasia,1966,"['Munster, Go Home!']"
Australasia,1975,"['Jaws', 'Deep Throat in Tokyo', 'The Rocky Horror Picture Show']"
Australasia,1986,"['The Texas Chainsaw Massacre 2', 'The Texas Chainsaw Massacre 2', 'The Fly', 'The Fly']"
Australasia,1987,"[""Dragon Ball: Sleeping Princess in Devil's Castle""]"
Australasia,1998,"['Blade', 'Bride of Chucky', 'The Faculty']"
Australasia,1999,"['The Blair Witch Project', 'The Blair Witch Project']"
Canada,1960,"['Psycho', 'Psycho', 'Peeping Tom', 'Peeping Tom', 'Village of the Damned', 'Village of the Damned', 'The Brides of Dracula', 'The Brides of Dracula', '13 Ghosts', '13 Ghosts', 'Eyes Without a Face', 'Eyes Without a Face']"
Canada,1965,"['Planet of the Vampires', 'Repulsion']"
Canada,1980,"['The Shining', 'Friday the 13th', 'Cannibal Holocaust']"
Canada,1982,"['Female Teacher: In Front of the Students', 'The Thing']"
Canada,1990,['Erotic Ghost Story']
Canada,1995,"['Species', 'Species']"
Canada,2011,"['Terrifier', 'Thriller Night']"
Canada,2015,"['Krampus', 'Scouts Guide to the Zombie Apocalypse']"
Canada,2016,"['Train to Busan', 'The Conjuring 2']"
Civil Rights,1960,"['Psycho', 'Psycho', 'Psycho', 'Psycho', 'Psycho', 'Psycho', 'Psycho', 'Psycho', 'Psycho', 'Psycho', 'Peeping Tom', 'Peeping Tom', 'Peeping Tom', 'Peeping Tom', 'Peeping Tom', 'Peeping Tom', 'Peeping Tom', 'Peeping Tom', 'Peeping Tom', 'Peeping Tom', 'Village of the Damned', 'Village of the Damned', 'Village of the Damned', 'Village of the Damned', 'Village of the Damned', 'Village of the Damned', 'Village of the Damned', 'Village of the Damned', 'Village of the Damned', 'Village of the Damned', 'The Brides of Dracula', 'The Brides of Dracula', 'The Brides of Dracula', 'The Brides of Dracula', 'The Brides of Dracula', 'The Brides of Dracula', 'The Brides of Dracula', 'The Brides of Dracula', 'The Brides of Dracula', 'The Brides of Dracula', '13 Ghosts', '13 Ghosts', '13 Ghosts', '13 Ghosts', '13 Ghosts', '13 Ghosts', '13 Ghosts', '13 Ghosts', '13 Ghosts', '13 Ghosts', 'Eyes Without a Face', 'Eyes Without a Face', 'Eyes Without a Face', 'Eyes Without a Face', 'Eyes Without a Face', 'Eyes Without a Face', 'Eyes Without a Face', 'Eyes Without a Face', 'Eyes Without a Face', 'Eyes Without a Face']"
Civil Rights,1963,"['The Birds', 'The Birds', 'The Birds', 'The Birds', 'The Day of the Triffids', 'The Day of the Triffids', 'The Day of the Triffids', 'The Day of the Triffids']"
Civil Rights,1964,"['Onibaba', 'Onibaba', 'Onibaba']"
Civil Rights,1965,"['Planet of the Vampires', 'Planet of the Vampires', 'Planet of the Vampires', 'Planet of the Vampires', 'Planet of the Vampires', 'Planet of the Vampires', 'Repulsion', 'Repulsion', 'Repulsion', 'Repulsion', 'Repulsion', 'Repulsion']"
Civil Rights,1966,"['Munster, Go Home!', 'Munster, Go Home!']"
Civil Rights,1967,"['The Fearless Vampire Killers', 'Wait Until Dark', 'Viy']"
Civil Rights,1968,"[""Rosemary's Baby"", ""Rosemary's Baby"", ""Rosemary's Baby"", ""Rosemary's Baby"", ""Rosemary's Baby"", ""Rosemary's Baby"", 'Night of the Living Dead', 'Night of the Living Dead', 'Night of the Living Dead', 'Night of the Living Dead', 'Night of the Living Dead', 'Night of the Living Dead', ""Shogun's Joy of Torture"", ""Shogun's Joy of Torture"", ""Shogun's Joy of Torture"", ""Shogun's Joy of Torture"", ""Shogun's Joy of Torture"", ""Shogun's Joy of Torture""]"
Civil Rights,1990,['Erotic Ghost Story']
Civil Rights,1992,"[""Bram Stoker's Dracula"", ""Bram Stoker's Dracula"", ""Bram Stoker's Dracula"", ""Bram Stoker's Dracula"", 'Alien³', 'Alien³', 'Alien³', 'Alien³', 'Erotic Ghost Story III', 'Erotic Ghost Story III', 'Erotic Ghost Story III', 'Erotic Ghost Story III', 'Dr. Lamb', 'Dr. Lamb', 'Dr. Lamb', 'Dr. Lamb']"
Civil Rights,2013,"['The Conjuring', 'World War Z', ""All Hallows' Eve""]"
Civil Rights,2017,"['Alien: Covenant', 'Life']"
Cold War,1960,"['Psycho', 'Peeping Tom', 'Village of the Damned', 'The Brides of Dracula', '13 Ghosts', 'Eyes Without a Face']"
Cold War,1964,['Onibaba']
Cold War,1967,"['The Fearless Vampire Killers', 'Wait Until Dark', 'Viy']"
Cold War,1968,"[""Rosemary's Baby"", 'Night of the Living Dead', ""Shogun's Joy of Torture""]"
Cold War,1979,"['Alien', 'Alien', 'Alien', 'The Amityville Horror', 'The Amityville Horror', 'The Amityville Horror']"
Cold War,1980,"['The Shining', 'The Shining', 'The Shining', 'The Shining', 'Friday the 13th', 'Friday the 13th', 'Friday the 13th', 'Friday the 13th', 'Cannibal Holocaust', 'Cannibal Holocaust', 'Cannibal Holocaust', 'Cannibal Holocaust']"
Cold War,1982,"['Female Teacher: In Front of the Students', 'The Thing']"
Cold War,1985,"[""A Nightmare on Elm Street Part 2: Freddy's Revenge"", 'Beautiful Teacher in Torture Hell', 'Daughters of Eve']"
Cold War,1987,"[""Dragon Ball: Sleeping Princess in Devil's Castle""]"
Cold War,1990,"['Erotic Ghost Story', 'Erotic Ghost Story', 'Erotic Ghost Story', 'Erotic Ghost Story', 'Erotic Ghost Story', 'Erotic Ghost Story', 'Erotic Ghost Story', 'Erotic Ghost Story', 'Erotic Ghost Story', 'Erotic Ghost Story', 'Erotic Ghost Story', 'Erotic Ghost Story', 'Erotic Ghost Story', 'Erotic Ghost Story', 'Erotic Ghost Story', 'Erotic Ghost Story']"
Cold War,1991,"[""Child's Play 3"", ""Child's Play 3"", ""Child's Play 3"", ""Child's Play 3"", ""Child's Play 3""]"
Cold War,1994,"['A Chinese Torture Chamber Story', 'Interview with the Vampire']"
Cold War,1999,"['The Blair Witch Project', 'The Blair Witch Project']"
Cold War,2019,"['It Chapter Two', 'Ready or Not', 'Midsommar']"
Crime,1972,['The Case of the Bloody Iris']
Crime,1978,"['Halloween', 'Dawn of the Dead', 'Day of the Woman', 'Damien: Omen II']"
Crime,1990,"['Erotic Ghost Story', 'Erotic Ghost Story', 'Erotic Ghost Story']"
Crime,1992,"[""Bram Stoker's Dracula"", 'Alien³', 'Erotic Ghost Story III', 'Dr. Lamb']"
Crime,1995,['Species']
Cultural,1960,"['Psycho', 'Psycho', 'Psycho', 'Psycho', 'Peeping Tom', 'Peeping Tom', 'Peeping Tom', 'Peeping Tom', 'Village of the Damned', 'Village of the Damned', 'Village of the Damned', 'Village of the Damned', 'The Brides of Dracula', 'The Brides of Dracula', 'The Brides of Dracula', 'The Brides of Dracula', '13 Ghosts', '13 Ghosts', '13 Ghosts', '13 Ghosts', 'Eyes Without a Face', 'Eyes Without a Face', 'Eyes Without a Face', 'Eyes Without a Face']"
Cultural,1962,"['What Ever Happened to Baby Jane?', 'What Ever Happened to Baby Jane?', 'What Ever Happened to Baby Jane?']"
Cultural,1963,"['The Birds', 'The Birds', 'The Day of the Triffids', 'The Day of the Triffids']"
Cultural,1964,"['Onibaba', 'Onibaba']"
Cultural,1966,"['Munster, Go Home!']"
Cultural,1967,"['The Fearless Vampire Killers', 'The Fearless Vampire Killers', 'The Fearless Vampire Killers', 'The Fearless Vampire Killers', 'Wait Until Dark', 'Wait Until Dark', 'Wait Until Dark', 'Wait Until Dark', 'Viy', 'Viy', 'Viy', 'Viy']"
Cultural,1968,"[""Rosemary's Baby"", ""Rosemary's Baby"", 'Night of the Living Dead', 'Night of the Living Dead', ""Shogun's Joy of Torture"", ""Shogun's Joy of Torture""]"
Cultural,1969,"['Marquis de Sade: Justine', 'Marquis de Sade: Justine', 'Marquis de Sade: Justine', 'Marquis de Sade: Justine', 'Marquis de Sade: Justine']"
Cultural,1972,['The Case of the Bloody Iris']
Cultural,1973,"['The Exorcist', 'The Exorcist', 'The Exorcist']"
Cultural,1974,"['The Texas Chain Saw Massacre', 'Black Christmas']"
Cultural,1975,"['Jaws', 'Jaws', 'Jaws', 'Jaws', 'Deep Throat in Tokyo', 'Deep Throat in Tokyo', 'Deep Throat in Tokyo', 'Deep Throat in Tokyo', 'The Rocky Horror Picture Show', 'The Rocky Horror Picture Show', 'The Rocky Horror Picture Show', 'The Rocky Horror Picture Show']"
Cultural,1976,"['Rape!', 'Rape!', 'Carrie', 'Carrie', 'Salò, or the 120 Days of Sodom', 'Salò, or the 120 Days of Sodom']"
Cultural,1977,"['Exorcist II: The Heretic', 'Exorcist II: The Heretic', 'Exorcist II: The Heretic', 'Exorcist II: The Heretic', 'Suspiria', 'Suspiria', 'Suspiria', 'Suspiria', 'Call of the Blonde Goddess', 'Call of the Blonde Goddess', 'Call of the Blonde Goddess', 'Call of the Blonde Goddess', 'Emanuelle and the Last Cannibals', 'Emanuelle and the Last Cannibals', 'Emanuelle and the Last Cannibals', 'Emanuelle and the Last Cannibals']"
Cultural,1978,"['Halloween', 'Dawn of the Dead', 'Day of the Woman', 'Damien: Omen II']"
Cultural,1979,"['Alien', 'The Amityville Horror']"
Cultural,1980,"['The Shining', 'The Shining', 'Friday the 13th', 'Friday the 13th', 'Cannibal Holocaust', 'Cannibal Holocaust']"
Cultural,1981,"['Porno', 'Porno', 'The Evil Dead', 'The Evil Dead', 'Possession', 'Possession', 'Sadomania', 'Sadomania', 'An American Werewolf in London', 'An American Werewolf in London']"
Cultural,1984,"['A Nightmare on Elm Street', 'Gremlins', 'Nun in Rope Hell']"
Cultural,1985,"[""A Nightmare on Elm Street Part 2: Freddy's Revenge"", ""A Nightmare on Elm Street Part 2: Freddy's Revenge"", ""A Nightmare on Elm Street Part 2: Freddy's Revenge"", 'Beautiful Teacher in Torture Hell', 'Beautiful Teacher in Torture Hell', 'Beautiful Teacher in Torture Hell', 'Daughters of Eve', 'Daughters of Eve', 'Daughters of Eve']"
Cultural,1986,"['The Texas Chainsaw Massacre 2', 'The Fly']"
Cultural,1987,"[""Dragon Ball: Sleeping Princess in Devil's Castle"", ""Dragon Ball: Sleeping Princess in Devil's Castle""]"
Cultural,1988,"[""Child's Play""]"
Cultural,1990,"['Erotic Ghost Story', 'Erotic Ghost Story', 'Erotic Ghost Story', 'Erotic Ghost Story', 'Erotic Ghost Story']"
Cultural,1991,"[""Child's Play 3""]"
Cultural,1995,['Species']
Cultural,1997,"['Alien Resurrection', 'Alien Resurrection', 'Alien Resurrection', ""The Devil's Advocate"", ""The Devil's Advocate"", ""The Devil's Advocate"", 'Scream 2', 'Scream 2', 'Scream 2', 'I Know What You Did Last Summer', 'I Know What You Did Last Summer', 'I Know What You Did Last Summer', 'Anaconda', 'Anaconda', 'Anaconda']"
Cultural,1999,"['The Blair Witch Project', 'The Blair Witch Project']"
Cultural,2000,"['Final Destination', 'Final Destination', 'Final Destination', 'Final Destination', 'Final Destination', 'Final Destination', 'Final Destination', 'Final Destination', 'Final Destination', 'Final Destination', 'Scream 3', 'Scream 3', 'Scream 3', 'Scream 3', 'Scream 3', 'Scream 3', 'Scream 3', 'Scream 3', 'Scream 3', 'Scream 3']"
Cultural,2002,['28 Days Later']
Cultural,2003,"['Final Destination 2', 'Final Destination 2', 'Wrong Turn', 'Wrong Turn', 'Jeepers Creepers 2', 'Jeepers Creepers 2', 'The Texas Chainsaw Massacre', 'The Texas Chainsaw Massacre']"
Cultural,2004,"['Van Helsing', 'Van Helsing', 'Van Helsing', 'Van Helsing', 'Van Helsing', 'Van Helsing', 'Saw', 'Saw', 'Saw', 'Saw', 'Saw', 'Saw', 'Dawn of the Dead', 'Dawn of the Dead', 'Dawn of the Dead', 'Dawn of the Dead', 'Dawn of the Dead', 'Dawn of the Dead', 'Anacondas: The Hunt for the Blood Orchid', 'Anacondas: The Hunt for the Blood Orchid', 'Anacondas: The Hunt for the Blood Orchid', 'Anacondas: The Hunt for the Blood Orchid', 'Anacondas: The Hunt for the Blood Orchid', 'Anacondas: The Hunt for the Blood Orchid', 'Shaun of the Dead', 'Shaun of the Dead', 'Shaun of the Dead', 'Shaun of the Dead', 'Shaun of the Dead', 'Shaun of the Dead']"
Cultural,2005,['Constantine']
Cultural,2007,"['Wrong Turn 2: Dead End', 'Wrong Turn 2: Dead End', 'Wrong Turn 2: Dead End', 'Aliens vs Predator: Requiem', 'Aliens vs Predator: Requiem', 'Aliens vs Predator: Requiem']"
Cultural,2009,"['The Human Centipede (First Sequence)', 'The Human Centipede (First Sequence)', 'Wrong Turn 3: Left for Dead', 'Wrong Turn 3: Left for Dead']"
Cultural,2010,['Splice']
Cultural,2011,"['Terrifier', 'Thriller Night']"
Cultural,2017,"['Alien: Covenant', 'Life']"
Cultural,2018,"['Terrifier', 'Terrifier', 'A Quiet Place', 'A Quiet Place', 'Hereditary', 'Hereditary', 'The Meg', 'The Meg']"
Cultural,2019,"['It Chapter Two', 'It Chapter Two', 'It Chapter Two', 'It Chapter Two', 'It Chapter Two', 'Ready or Not', 'Ready or Not', 'Ready or Not', 'Ready or Not', 'Ready or Not', 'Midsommar', 'Midsommar', 'Midsommar', 'Midsommar', 'Midsommar']"
Domestic,1965,"['Planet of the Vampires', 'Repulsion']"
Domestic,1974,"['The Texas Chain Saw Massacre', 'Black Christmas']"
Domestic,1975,"['Jaws', 'Deep Throat in Tokyo', 'The Rocky Horror Picture Show']"
Domestic,1976,"['Rape!', 'Carrie', 'Salò, or the 120 Days of Sodom']"
Domestic,1979,"['Alien', 'The Amityville Horror']"
Domestic,1981,"['Porno', 'The Evil Dead', 'Possession', 'Sadomania', 'An American Werewolf in London']"
Domestic,1994,"['A Chinese Torture Chamber Story', 'Interview with the Vampire']"
Domestic,2013,"['The Conjuring', 'World War Z', ""All Hallows' Eve""]"
Domestic,2019,"['It Chapter Two', 'Ready or Not', 'Midsommar']"
Domestic Terror,1995,"['Species', 'Species']"
Domestic Terror,1999,"['The Blair Witch Project', 'The Blair Witch Project']"
Domestic Terror,2013,"['The Conjuring', 'The Conjuring', 'World War Z', 'World War Z', ""All Hallows' Eve"", ""All Hallows' Eve""]"
Drugs,1980,"['The Shining', 'Friday the 13th', 'Cannibal Holocaust']"
Drugs,1984,"['A Nightmare on Elm Street', 'Gremlins', 'Nun in Rope Hell']"
Drugs,1990,['Erotic Ghost Story']
Drugs,2006,"['Slaughtered Vomit Dolls', 'The Hills Have Eyes', 'Final Destination 3']"
Economics,1960,"['Psycho', 'Peeping Tom', 'Village of the Damned', 'The Brides of Dracula', '13 Ghosts', 'Eyes Without a Face']"
Economics,1969,['Marquis de Sade: Justine']
Economics,1973,"['The Exorcist', 'The Exorcist', 'The Exorcist', 'The Exorcist']"
Economics,1979,"['Alien', 'Alien', 'Alien', 'Alien', 'The Amityville Horror', 'The Amityville Horror', 'The Amityville Horror', 'The Amityville Horror']"
Economics,1980,"['The Shining', 'The Shining', 'The Shining', 'The Shining', 'The Shining', 'The Shining', 'The Shining', 'The Shining', 'The Shining', 'The Shining', 'The Shining', 'The Shining', 'Friday the 13th', 'Friday the 13th', 'Friday the 13th', 'Friday the 13th', 'Friday the 13th', 'Friday the 13th', 'Friday the 13th', 'Friday the 13th', 'Friday the 13th', 'Friday the 13th', 'Friday the 13th', 'Friday the 13th', 'Cannibal Holocaust', 'Cannibal Holocaust', 'Cannibal Holocaust', 'Cannibal Holocaust', 'Cannibal Holocaust', 'Cannibal Holocaust', 'Cannibal Holocaust', 'Cannibal Holocaust', 'Cannibal Holocaust', 'Cannibal Holocaust', 'Cannibal Holocaust', 'Cannibal Holocaust']"
Economics,1981,"['Porno', 'Porno', 'The Evil Dead', 'The Evil Dead', 'Possession', 'Possession', 'Sadomania', 'Sadomania', 'An American Werewolf in London', 'An American Werewolf in London']"
Economics,1982,"['Female Teacher: In Front of the Students', 'The Thing']"
Economics,1985,"[""A Nightmare on Elm Street Part 2: Freddy's Revenge"", 'Beautiful Teacher in Torture Hell', 'Daughters of Eve']"
Economics,1987,"[""Dragon Ball: Sleeping Princess in Devil's Castle"", ""Dragon Ball: Sleeping Princess in Devil's Castle""]"
Economics,1990,"['Erotic Ghost Story', 'Erotic Ghost Story', 'Erotic Ghost Story', 'Erotic Ghost Story', 'Erotic Ghost Story', 'Erotic Ghost Story', 'Erotic Ghost Story', 'Erotic Ghost Story', 'Erotic Ghost Story', 'Erotic Ghost Story', 'Erotic Ghost Story', 'Erotic Ghost Story']"
Economics,1992,"[""Bram Stoker's Dracula"", ""Bram Stoker's Dracula"", 'Alien³', 'Alien³', 'Erotic Ghost Story III', 'Erotic Ghost Story III', 'Dr. Lamb', 'Dr. Lamb']"
Economics,1994,"['A Chinese Torture Chamber Story', 'A Chinese Torture Chamber Story', 'Interview with the Vampire', 'Interview with the Vampire']"
Economics,1995,"['Species', 'Species']"
Economics,1997,"['Alien Resurrection', 'Alien Resurrection', 'Alien Resurrection', ""The Devil's Advocate"", ""The Devil's Advocate"", ""The Devil's Advocate"", 'Scream 2', 'Scream 2', 'Scream 2', 'I Know What You Did Last Summer', 'I Know What You Did Last Summer', 'I Know What You Did Last Summer', 'Anaconda', 'Anaconda', 'Anaconda']"
Economics,1998,"['Blade', 'Bride of Chucky', 'The Faculty']"
Economics,1999,"['The Blair Witch Project', 'The Blair Witch Project', 'The Blair Witch Project', 'The Blair Witch Project', 'The Blair Witch Project']"
Economics,2000,"['Final Destination', 'Final Destination', 'Final Destination', 'Final Destination', 'Final Destination', 'Final Destination', 'Final Destination', 'Final Destination', 'Final Destination', 'Final Destination', 'Scream 3', 'Scream 3', 'Scream 3', 'Scream 3', 'Scream 3', 'Scream 3', 'Scream 3', 'Scream 3', 'Scream 3', 'Scream 3']"
Economics,2002,['28 Days Later']
Economics,2003,"['Final Destination 2', 'Wrong Turn', 'Jeepers Creepers 2', 'The Texas Chainsaw Massacre']"
Economics,2004,"['Van Helsing', 'Van Helsing', 'Saw', 'Saw', 'Dawn of the Dead', 'Dawn of the Dead', 'Anacondas: The Hunt for the Blood Orchid', 'Anacondas: The Hunt for the Blood Orchid', 'Shaun of the Dead', 'Shaun of the Dead']"
Economics,2007,"['Wrong Turn 2: Dead End', 'Wrong Turn 2: Dead End', 'Wrong Turn 2: Dead End', 'Wrong Turn 2: Dead End', 'Wrong Turn 2: Dead End', 'Wrong Turn 2: Dead End', 'Wrong Turn 2: Dead End', 'Aliens vs Predator: Requiem', 'Aliens vs Predator: Requiem', 'Aliens vs Predator: Requiem', 'Aliens vs Predator: Requiem', 'Aliens vs Predator: Requiem', 'Aliens vs Predator: Requiem', 'Aliens vs Predator: Requiem']"
Economics,2009,"['The Human Centipede (First Sequence)', 'The Human Centipede (First Sequence)', 'The Human Centipede (First Sequence)', 'The Human Centipede (First Sequence)', 'The Human Centipede (First Sequence)', 'The Human Centipede (First Sequence)', 'Wrong Turn 3: Left for Dead', 'Wrong Turn 3: Left for Dead', 'Wrong Turn 3: Left for Dead', 'Wrong Turn 3: Left for Dead', 'Wrong Turn 3: Left for Dead', 'Wrong Turn 3: Left for Dead']"
Economics,2011,"['Terrifier', 'Thriller Night']"
Economics,2017,"['Alien: Covenant', 'Life']"
Economics,2019,"['It Chapter Two', 'It Chapter Two', 'Ready or Not', 'Ready or Not', 'Midsommar', 'Midsommar']"
England,1960,"['Psycho', 'Peeping Tom', 'Village of the Damned', 'The Brides of Dracula', '13 Ghosts', 'Eyes Without a Face']"
England,1980,"['The Shining', 'Friday the 13th', 'Cannibal Holocaust']"
England,1981,"['Porno', 'The Evil Dead', 'Possession', 'Sadomania', 'An American Werewolf in London']"
England,1982,"['Female Teacher: In Front of the Students', 'The Thing']"
England,1990,['Erotic Ghost Story']
England,1992,"[""Bram Stoker's Dracula"", 'Alien³', 'Erotic Ghost Story III', 'Dr. Lamb']"
England,1997,"['Alien Resurrection', 'Alien Resurrection', 'Alien Resurrection', ""The Devil's Advocate"", ""The Devil's Advocate"", ""The Devil's Advocate"", 'Scream 2', 'Scream 2', 'Scream 2', 'I Know What You Did Last Summer', 'I Know What You Did Last Summer', 'I Know What You Did Last Summer', 'Anaconda', 'Anaconda', 'Anaconda']"
England,2003,"['Final Destination 2', 'Final Destination 2', 'Wrong Turn', 'Wrong Turn', 'Jeepers Creepers 2', 'Jeepers Creepers 2', 'The Texas Chainsaw Massacre', 'The Texas Chainsaw Massacre']"
England,2006,"['Slaughtered Vomit Dolls', 'The Hills Have Eyes', 'Final Destination 3']"
England,2007,"['Wrong Turn 2: Dead End', 'Aliens vs Predator: Requiem']"
Europe,1960,"['Psycho', 'Psycho', 'Peeping Tom', 'Peeping Tom', 'Village of the Damned', 'Village of the Damned', 'The Brides of Dracula', 'The Brides of Dracula', '13 Ghosts', '13 Ghosts', 'Eyes Without a Face', 'Eyes Without a Face']"
Europe,1964,"['Onibaba', 'Onibaba']"
Europe,1967,"['The Fearless Vampire Killers', 'Wait Until Dark', 'Viy']"
Europe,1968,"[""Rosemary's Baby"", ""Rosemary's Baby"", 'Night of the Living Dead', 'Night of the Living Dead', ""Shogun's Joy of Torture"", ""Shogun's Joy of Torture""]"
Europe,1974,"['The Texas Chain Saw Massacre', 'The Texas Chain Saw Massacre', 'The Texas Chain Saw Massacre', 'Black Christmas', 'Black Christmas', 'Black Christmas']"
Europe,1975,"['Jaws', 'Deep Throat in Tokyo', 'The Rocky Horror Picture Show']"
Europe,1979,"['Alien', 'Alien', 'The Amityville Horror', 'The Amityville Horror']"
Europe,1980,"['The Shining', 'The Shining', 'Friday the 13th', 'Friday the 13th', 'Cannibal Holocaust', 'Cannibal Holocaust']"
Europe,1986,"['The Texas Chainsaw Massacre 2', 'The Fly']"
Europe,1988,"[""Child's Play""]"
Europe,1990,"['Erotic Ghost Story', 'Erotic Ghost Story']"
Europe,1991,"[""Child's Play 3"", ""Child's Play 3""]"
Europe,1992,"[""Bram Stoker's Dracula"", ""Bram Stoker's Dracula"", ""Bram Stoker's Dracula"", 'Alien³', 'Alien³', 'Alien³', 'Erotic Ghost Story III', 'Erotic Ghost Story III', 'Erotic Ghost Story III', 'Dr. Lamb', 'Dr. Lamb', 'Dr. Lamb']"
Europe,1994,"['A Chinese Torture Chamber Story', 'A Chinese Torture Chamber Story', 'Interview with the Vampire', 'Interview with the Vampire']"
Europe,1995,"['Species', 'Species']"
Europe,1998,"['Blade', 'Bride of Chucky', 'The Faculty']"
Europe,1999,"['The Blair Witch Project', 'The Blair Witch Project']"
Europe,2000,"['Final Destination', 'Final Destination', 'Final Destination', 'Scream 3', 'Scream 3', 'Scream 3']"
Europe,2006,"['Slaughtered Vomit Dolls', 'The Hills Have Eyes', 'Final Destination 3']"
Europe,2010,['Splice']
Europe,2011,"['Terrifier', 'Terrifier', 'Terrifier', 'Terrifier', 'Terrifier', 'Terrifier', 'Terrifier', 'Terrifier', 'Thriller Night', 'Thriller Night', 'Thriller Night', 'Thriller Night', 'Thriller Night', 'Thriller Night', 'Thriller Night', 'Thriller Night']"
Europe,2012,"['Wrong Turn 5: Bloodlines', 'Wrong Turn 5: Bloodlines', 'Wrong Turn 5: Bloodlines']"
Europe,2013,"['The Conjuring', 'World War Z', ""All Hallows' Eve""]"
Europe,2017,"['Alien: Covenant', 'Life']"
Feminism,1960,"['Psycho', 'Peeping Tom', 'Village of the Damned', 'The Brides of Dracula', '13 Ghosts', 'Eyes Without a Face']"
Feminism,1963,"['The Birds', 'The Birds', 'The Birds', 'The Day of the Triffids', 'The Day of the Triffids', 'The Day of the Triffids']"
Feminism,1966,"['Munster, Go Home!']"
Feminism,1972,['The Case of the Bloody Iris']
Feminism,1973,"['The Exorcist', 'The Exorcist']"
Feminism,1977,"['Exorcist II: The Heretic', 'Suspiria', 'Call of the Blonde Goddess', 'Emanuelle and the Last Cannibals']"
Feminism,1981,"['Porno', 'The Evil Dead', 'Possession', 'Sadomania', 'An American Werewolf in London']"
Feminism,1990,"['Erotic Ghost Story', 'Erotic Ghost Story', 'Erotic Ghost Story']"
Feminism,1992,"[""Bram Stoker's Dracula"", 'Alien³', 'Erotic Ghost Story III', 'Dr. Lamb']"
Feminism,1995,['Species']
Feminism,2007,"['Wrong Turn 2: Dead End', 'Aliens vs Predator: Requiem']"
Foreign,1975,"['Jaws', 'Deep Throat in Tokyo', 'The Rocky Horror Picture Show']"
Foreign,1999,['The Blair Witch Project']
Gay Rights,1960,"['Psycho', 'Peeping Tom', 'Village of the Damned', 'The Brides of Dracula', '13 Ghosts', 'Eyes Without a Face']"
Gay Rights,1966,"['Munster, Go Home!']"
Gay Rights,1969,"['Marquis de Sade: Justine', 'Marquis de Sade: Justine', 'Marquis de Sade: Justine']"
Gay Rights,1978,"['Halloween', 'Dawn of the Dead', 'Day of the Woman', 'Damien: Omen II']"
Gay Rights,1990,['Erotic Ghost Story']
Gay Rights,2004,"['Van Helsing', 'Saw', 'Dawn of the Dead', 'Anacondas: The Hunt for the Blood Orchid', 'Shaun of the Dead']"
Gay Rights,2013,"['The Conjuring', 'World War Z', ""All Hallows' Eve""]"
Gay Rights,2015,"['Krampus', 'Scouts Guide to the Zombie Apocalypse']"
Gun Violence,1968,"[""Rosemary's Baby"", 'Night of the Living Dead', ""Shogun's Joy of Torture""]"
Gun Violence,1985,"[""A Nightmare on Elm Street Part 2: Freddy's Revenge"", 'Beautiful Teacher in Torture Hell', 'Daughters of Eve']"
Gun Violence,1986,"['The Texas Chainsaw Massacre 2', 'The Fly']"
Gun Violence,1999,"['The Blair Witch Project', 'The Blair Witch Project']"
Gun Violence,2002,['28 Days Later']
Gun Violence,2007,"['Wrong Turn 2: Dead End', 'Aliens vs Predator: Requiem']"
Gun Violence,2009,"['The Human Centipede (First Sequence)', 'Wrong Turn 3: Left for Dead']"
Gun Violence,2011,"['Terrifier', 'Terrifier', 'Thriller Night', 'Thriller Night']"
Gun Violence,2012,"['Wrong Turn 5: Bloodlines', 'Wrong Turn 5: Bloodlines']"
Gun Violence,2013,"['The Conjuring', 'World War Z', ""All Hallows' Eve""]"
Gun Violence,2015,"['Krampus', 'Krampus', 'Krampus', 'Scouts Guide to the Zombie Apocalypse', 'Scouts Guide to the Zombie Apocalypse', 'Scouts Guide to the Zombie Apocalypse']"
Gun Violence,2016,"['Train to Busan', 'The Conjuring 2']"
Gun Violence,2017,"['Alien: Covenant', 'Alien: Covenant', 'Alien: Covenant', 'Life', 'Life', 'Life']"
Gun Violence,2018,"['Terrifier', 'A Quiet Place', 'Hereditary', 'The Meg']"
Gun Violence,2019,"['It Chapter Two', 'It Chapter Two', 'It Chapter Two', 'It Chapter Two', 'It Chapter Two', 'It Chapter Two', 'Ready or Not', 'Ready or Not', 'Ready or Not', 'Ready or Not', 'Ready or Not', 'Ready or Not', 'Midsommar', 'Midsommar', 'Midsommar', 'Midsommar', 'Midsommar', 'Midsommar']"
Haiti,1986,"['The Texas Chainsaw Massacre 2', 'The Fly']"
Haiti,2004,"['Van Helsing', 'Saw', 'Dawn of the Dead', 'Anacondas: The Hunt for the Blood Orchid', 'Shaun of the Dead']"
Health,1990,"['Erotic Ghost Story', 'Erotic Ghost Story', 'Erotic Ghost Story', 'Erotic Ghost Story', 'Erotic Ghost Story', 'Erotic Ghost Story']"
Health,1996,"['Scream', 'From Dusk Till Dawn']"
Health,1997,"['Alien Resurrection', ""The Devil's Advocate"", 'Scream 2', 'I Know What You Did Last Summer', 'Anaconda']"
Health,2000,"['Final Destination', 'Final Destination', 'Final Destination', 'Final Destination', 'Final Destination', 'Scream 3', 'Scream 3', 'Scream 3', 'Scream 3', 'Scream 3']"
Health,2002,"['28 Days Later', '28 Days Later']"
Health,2003,"['Final Destination 2', 'Final Destination 2', 'Wrong Turn', 'Wrong Turn', 'Jeepers Creepers 2', 'Jeepers Creepers 2', 'The Texas Chainsaw Massacre', 'The Texas Chainsaw Massacre']"
Health,2005,"['Constantine', 'Constantine', 'Constantine']"
Health,2006,"['Slaughtered Vomit Dolls', 'Slaughtered Vomit Dolls', 'Slaughtered Vomit Dolls', 'The Hills Have Eyes', 'The Hills Have Eyes', 'The Hills Have Eyes', 'Final Destination 3', 'Final Destination 3', 'Final Destination 3']"
Health,2009,"['The Human Centipede (First Sequence)', 'The Human Centipede (First Sequence)', 'The Human Centipede (First Sequence)', 'The Human Centipede (First Sequence)', 'Wrong Turn 3: Left for Dead', 'Wrong Turn 3: Left for Dead', 'Wrong Turn 3: Left for Dead', 'Wrong Turn 3: Left for Dead']"
Health,2010,['Splice']
Infrastructure,1960,"['Psycho', 'Peeping Tom', 'Village of the Damned', 'The Brides of Dracula', '13 Ghosts', 'Eyes Without a Face']"
Infrastructure,1962,"['What Ever Happened to Baby Jane?', 'What Ever Happened to Baby Jane?']"
Infrastructure,1965,"['Planet of the Vampires', 'Repulsion']"
Infrastructure,1966,"['Munster, Go Home!', 'Munster, Go Home!', 'Munster, Go Home!']"
Infrastructure,1969,['Marquis de Sade: Justine']
Infrastructure,1972,"['The Case of the Bloody Iris', 'The Case of the Bloody Iris']"
Infrastructure,1973,"['The Exorcist', 'The Exorcist']"
Infrastructure,1974,"['The Texas Chain Saw Massacre', 'Black Christmas']"
Infrastructure,1975,"['Jaws', 'Jaws', 'Deep Throat in Tokyo', 'Deep Throat in Tokyo', 'The Rocky Horror Picture Show', 'The Rocky Horror Picture Show']"
Infrastructure,1976,"['Rape!', 'Carrie', 'Salò, or the 120 Days of Sodom']"
Infrastructure,1977,"['Exorcist II: The Heretic', 'Exorcist II: The Heretic', 'Suspiria', 'Suspiria', 'Call of the Blonde Goddess', 'Call of the Blonde Goddess', 'Emanuelle and the Last Cannibals', 'Emanuelle and the Last Cannibals']"
Infrastructure,1978,"['Halloween', 'Halloween', 'Dawn of the Dead', 'Dawn of the Dead', 'Day of the Woman', 'Day of the Woman', 'Damien: Omen II', 'Damien: Omen II']"
Infrastructure,1979,"['Alien', 'Alien', 'Alien', 'Alien', 'The Amityville Horror', 'The Amityville Horror', 'The Amityville Horror', 'The Amityville Horror']"
Infrastructure,1980,"['The Shining', 'The Shining', 'The Shining', 'Friday the 13th', 'Friday the 13th', 'Friday the 13th', 'Cannibal Holocaust', 'Cannibal Holocaust', 'Cannibal Holocaust']"
Infrastructure,1981,"['Porno', 'Porno', 'The Evil Dead', 'The Evil Dead', 'Possession', 'Possession', 'Sadomania', 'Sadomania', 'An American Werewolf in London', 'An American Werewolf in London']"
Infrastructure,1982,"['Female Teacher: In Front of the Students', 'The Thing']"
Infrastructure,1984,"['A Nightmare on Elm Street', 'A Nightmare on Elm Street', 'Gremlins', 'Gremlins', 'Nun in Rope Hell', 'Nun in Rope Hell']"
Infrastructure,1985,"[""A Nightmare on Elm Street Part 2: Freddy's Revenge"", ""A Nightmare on Elm Street Part 2: Freddy's Revenge"", ""A Nightmare on Elm Street Part 2: Freddy's Revenge"", ""A Nightmare on Elm Street Part 2: Freddy's Revenge"", ""A Nightmare on Elm Street Part 2: Freddy's Revenge"", ""A Nightmare on Elm Street Part 2: Freddy's Revenge"", 'Beautiful Teacher in Torture Hell', 'Beautiful Teacher in Torture Hell', 'Beautiful Teacher in Torture Hell', 'Beautiful Teacher in Torture Hell', 'Beautiful Teacher in Torture Hell', 'Beautiful Teacher in Torture Hell', 'Daughters of Eve', 'Daughters of Eve', 'Daughters of Eve', 'Daughters of Eve', 'Daughters of Eve', 'Daughters of Eve']"
Infrastructure,1986,"['The Texas Chainsaw Massacre 2', 'The Texas Chainsaw Massacre 2', 'The Texas Chainsaw Massacre 2', 'The Texas Chainsaw Massacre 2', 'The Texas Chainsaw Massacre 2', 'The Fly', 'The Fly', 'The Fly', 'The Fly', 'The Fly']"
Infrastructure,1987,"[""Dragon Ball: Sleeping Princess in Devil's Castle"", ""Dragon Ball: Sleeping Princess in Devil's Castle"", ""Dragon Ball: Sleeping Princess in Devil's Castle"", ""Dragon Ball: Sleeping Princess in Devil's Castle"", ""Dragon Ball: Sleeping Princess in Devil's Castle""]"
Infrastructure,1988,"[""Child's Play"", ""Child's Play""]"
Infrastructure,1990,"['Erotic Ghost Story', 'Erotic Ghost Story', 'Erotic Ghost Story', 'Erotic Ghost Story', 'Erotic Ghost Story']"
Infrastructure,1991,"[""Child's Play 3"", ""Child's Play 3"", ""Child's Play 3""]"
Infrastructure,1992,"[""Bram Stoker's Dracula"", 'Alien³', 'Erotic Ghost Story III', 'Dr. Lamb']"
Infrastructure,1994,"['A Chinese Torture Chamber Story', 'A Chinese Torture Chamber Story', 'A Chinese Torture Chamber Story', 'A Chinese Torture Chamber Story', 'A Chinese Torture Chamber Story', 'Interview with the Vampire', 'Interview with the Vampire', 'Interview with the Vampire', 'Interview with the Vampire', 'Interview with the Vampire']"
Infrastructure,1995,"['Species', 'Species']"
Infrastructure,1996,"['Scream', 'Scream', 'Scream', 'From Dusk Till Dawn', 'From Dusk Till Dawn', 'From Dusk Till Dawn']"
Infrastructure,1997,"['Alien Resurrection', 'Alien Resurrection', ""The Devil's Advocate"", ""The Devil's Advocate"", 'Scream 2', 'Scream 2', 'I Know What You Did Last Summer', 'I Know What You Did Last Summer', 'Anaconda', 'Anaconda']"
Infrastructure,1998,"['Blade', 'Bride of Chucky', 'The Faculty']"
Infrastructure,1999,['The Blair Witch Project']
Infrastructure,2000,"['Final Destination', 'Final Destination', 'Final Destination', 'Final Destination', 'Final Destination', 'Final Destination', 'Final Destination', 'Final Destination', 'Final Destination', 'Final Destination', 'Final Destination', 'Scream 3', 'Scream 3', 'Scream 3', 'Scream 3', 'Scream 3', 'Scream 3', 'Scream 3', 'Scream 3', 'Scream 3', 'Scream 3', 'Scream 3']"
Infrastructure,2002,"['28 Days Later', '28 Days Later', '28 Days Later', '28 Days Later']"
Infrastructure,2003,"['Final Destination 2', 'Final Destination 2', 'Final Destination 2', 'Final Destination 2', 'Final Destination 2', 'Final Destination 2', 'Wrong Turn', 'Wrong Turn', 'Wrong Turn', 'Wrong Turn', 'Wrong Turn', 'Wrong Turn', 'Jeepers Creepers 2', 'Jeepers Creepers 2', 'Jeepers Creepers 2', 'Jeepers Creepers 2', 'Jeepers Creepers 2', 'Jeepers Creepers 2', 'The Texas Chainsaw Massacre', 'The Texas Chainsaw Massacre', 'The Texas Chainsaw Massacre', 'The Texas Chainsaw Massacre', 'The Texas Chainsaw Massacre', 'The Texas Chainsaw Massacre']"
Infrastructure,2005,"['Constantine', 'Constantine', 'Constantine']"
Infrastructure,2006,"['Slaughtered Vomit Dolls', 'Slaughtered Vomit Dolls', 'The Hills Have Eyes', 'The Hills Have Eyes', 'Final Destination 3', 'Final Destination 3']"
Infrastructure,2007,"['Wrong Turn 2: Dead End', 'Wrong Turn 2: Dead End', 'Wrong Turn 2: Dead End', 'Wrong Turn 2: Dead End', 'Wrong Turn 2: Dead End', 'Wrong Turn 2: Dead End', 'Aliens vs Predator: Requiem', 'Aliens vs Predator: Requiem', 'Aliens vs Predator: Requiem', 'Aliens vs Predator: Requiem', 'Aliens vs Predator: Requiem', 'Aliens vs Predator: Requiem']"
Infrastructure,2009,"['The Human Centipede (First Sequence)', 'The Human Centipede (First Sequence)', 'The Human Centipede (First Sequence)', 'The Human Centipede (First Sequence)', 'The Human Centipede (First Sequence)', 'Wrong Turn 3: Left for Dead', 'Wrong Turn 3: Left for Dead', 'Wrong Turn 3: Left for Dead', 'Wrong Turn 3: Left for Dead', 'Wrong Turn 3: Left for Dead']"
Infrastructure,2010,['Splice']
Infrastructure,2016,"['Train to Busan', 'The Conjuring 2']"
Infrastructure,2019,"['It Chapter Two', 'Ready or Not', 'Midsommar']"
Ireland,1960,"['Psycho', 'Peeping Tom', 'Village of the Damned', 'The Brides of Dracula', '13 Ghosts', 'Eyes Without a Face']"
Ireland,1980,"['The Shining', 'The Shining', 'Friday the 13th', 'Friday the 13th', 'Cannibal Holocaust', 'Cannibal Holocaust']"
Ireland,1994,"['A Chinese Torture Chamber Story', 'Interview with the Vampire']"
Ireland,1996,"['Scream', 'From Dusk Till Dawn']"
Ireland,1998,"['Blade', 'Blade', 'Blade', 'Bride of Chucky', 'Bride of Chucky', 'Bride of Chucky', 'The Faculty', 'The Faculty', 'The Faculty']"
Ireland,2011,"['Terrifier', 'Thriller Night']"
Journailism,2000,"['Final Destination', 'Final Destination', 'Final Destination', 'Final Destination', 'Final Destination', 'Final Destination', 'Scream 3', 'Scream 3', 'Scream 3', 'Scream 3', 'Scream 3', 'Scream 3']"
Journailism,2003,"['Final Destination 2', 'Wrong Turn', 'Jeepers Creepers 2', 'The Texas Chainsaw Massacre']"
Journailism,2004,"['Van Helsing', 'Van Helsing', 'Saw', 'Saw', 'Dawn of the Dead', 'Dawn of the Dead', 'Anacondas: The Hunt for the Blood Orchid', 'Anacondas: The Hunt for the Blood Orchid', 'Shaun of the Dead', 'Shaun of the Dead']"
Journailism,2005,['Constantine']
Journailism,2006,"['Slaughtered Vomit Dolls', 'The Hills Have Eyes', 'Final Destination 3']"
Journailism,2007,"['Wrong Turn 2: Dead End', 'Aliens vs Predator: Requiem']"
Legal,1962,"['What Ever Happened to Baby Jane?', 'What Ever Happened to Baby Jane?', 'What Ever Happened to Baby Jane?', 'What Ever Happened to Baby Jane?']"
Legal,1963,"['The Birds', 'The Day of the Triffids']"
Legal,1964,"['Onibaba', 'Onibaba', 'Onibaba', 'Onibaba']"
Legal,1965,"['Planet of the Vampires', 'Planet of the Vampires', 'Planet of the Vampires', 'Repulsion', 'Repulsion', 'Repulsion']"
Legal,1966,"['Munster, Go Home!', 'Munster, Go Home!', 'Munster, Go Home!', 'Munster, Go Home!']"
Legal,1967,"['The Fearless Vampire Killers', 'The Fearless Vampire Killers', 'The Fearless Vampire Killers', 'Wait Until Dark', 'Wait Until Dark', 'Wait Until Dark', 'Viy', 'Viy', 'Viy']"
Legal,1969,['Marquis de Sade: Justine']
Legal,1976,"['Rape!', 'Carrie', 'Salò, or the 120 Days of Sodom']"
Legal,1978,"['Halloween', 'Dawn of the Dead', 'Day of the Woman', 'Damien: Omen II']"
Legal,1980,"['The Shining', 'Friday the 13th', 'Cannibal Holocaust']"
Legal,1981,"['Porno', 'The Evil Dead', 'Possession', 'Sadomania', 'An American Werewolf in London']"
Legal,1986,"['The Texas Chainsaw Massacre 2', 'The Fly']"
Legal,1990,['Erotic Ghost Story']
Legal,1994,"['A Chinese Torture Chamber Story', 'Interview with the Vampire']"
Legal,2002,['28 Days Later']
Legal,2018,"['Terrifier', 'A Quiet Place', 'Hereditary', 'The Meg']"
Legal,2019,"['It Chapter Two', 'Ready or Not', 'Midsommar']"
Middle East,1960,"['Psycho', 'Peeping Tom', 'Village of the Damned', 'The Brides of Dracula', '13 Ghosts', 'Eyes Without a Face']"
Middle East,1967,"['The Fearless Vampire Killers', 'Wait Until Dark', 'Viy']"
Middle East,1968,"[""Rosemary's Baby"", 'Night of the Living Dead', ""Shogun's Joy of Torture""]"
Middle East,1969,"['Marquis de Sade: Justine', 'Marquis de Sade: Justine']"
Middle East,1973,['The Exorcist']
Middle East,1975,"['Jaws', 'Deep Throat in Tokyo', 'The Rocky Horror Picture Show']"
Middle East,1977,"['Exorcist II: The Heretic', 'Suspiria', 'Call of the Blonde Goddess', 'Emanuelle and the Last Cannibals']"
Middle East,1978,"['Halloween', 'Dawn of the Dead', 'Day of the Woman', 'Damien: Omen II']"
Middle East,1979,"['Alien', 'Alien', 'Alien', 'The Amityville Horror', 'The Amityville Horror', 'The Amityville Horror']"
Middle East,1980,"['The Shining', 'The Shining', 'Friday the 13th', 'Friday the 13th', 'Cannibal Holocaust', 'Cannibal Holocaust']"
Middle East,1982,"['Female Teacher: In Front of the Students', 'The Thing']"
Middle East,1985,"[""A Nightmare on Elm Street Part 2: Freddy's Revenge"", 'Beautiful Teacher in Torture Hell', 'Daughters of Eve']"
Middle East,1986,"['The Texas Chainsaw Massacre 2', 'The Texas Chainsaw Massacre 2', 'The Texas Chainsaw Massacre 2', 'The Fly', 'The Fly', 'The Fly']"
Middle East,1987,"[""Dragon Ball: Sleeping Princess in Devil's Castle""]"
Middle East,1990,"['Erotic Ghost Story', 'Erotic Ghost Story', 'Erotic Ghost Story', 'Erotic Ghost Story', 'Erotic Ghost Story', 'Erotic Ghost Story', 'Erotic Ghost Story']"
Middle East,1991,"[""Child's Play 3"", ""Child's Play 3"", ""Child's Play 3""]"
Middle East,1992,"[""Bram Stoker's Dracula"", 'Alien³', 'Erotic Ghost Story III', 'Dr. Lamb']"
Middle East,1994,"['A Chinese Torture Chamber Story', 'Interview with the Vampire']"
Middle East,1995,['Species']
Middle East,1996,"['Scream', 'Scream', 'From Dusk Till Dawn', 'From Dusk Till Dawn']"
Middle East,1998,"['Blade', 'Bride of Chucky', 'The Faculty']"
Middle East,1999,['The Blair Witch Project']
Middle East,2000,"['Final Destination', 'Final Destination', 'Final Destination', 'Scream 3', 'Scream 3', 'Scream 3']"
Middle East,2002,"['28 Days Later', '28 Days Later']"
Middle East,2003,"['Final Destination 2', 'Final Destination 2', 'Final Destination 2', 'Final Destination 2', 'Wrong Turn', 'Wrong Turn', 'Wrong Turn', 'Wrong Turn', 'Jeepers Creepers 2', 'Jeepers Creepers 2', 'Jeepers Creepers 2', 'Jeepers Creepers 2', 'The Texas Chainsaw Massacre', 'The Texas Chainsaw Massacre', 'The Texas Chainsaw Massacre', 'The Texas Chainsaw Massacre']"
Middle East,2004,"['Van Helsing', 'Van Helsing', 'Saw', 'Saw', 'Dawn of the Dead', 'Dawn of the Dead', 'Anacondas: The Hunt for the Blood Orchid', 'Anacondas: The Hunt for the Blood Orchid', 'Shaun of the Dead', 'Shaun of the Dead']"
Middle East,2005,"['Constantine', 'Constantine']"
Middle East,2006,"['Slaughtered Vomit Dolls', 'Slaughtered Vomit Dolls', 'The Hills Have Eyes', 'The Hills Have Eyes', 'Final Destination 3', 'Final Destination 3']"
Middle East,2007,"['Wrong Turn 2: Dead End', 'Aliens vs Predator: Requiem']"
Middle East,2010,['Splice']
Middle East,2011,"['Terrifier', 'Terrifier', 'Thriller Night', 'Thriller Night']"
Middle East,2012,"['Wrong Turn 5: Bloodlines', 'Wrong Turn 5: Bloodlines']"
Middle East,2013,"['The Conjuring', 'World War Z', ""All Hallows' Eve""]"
Middle East,2015,"['Krampus', 'Scouts Guide to the Zombie Apocalypse']"
Middle East,2017,"['Alien: Covenant', 'Alien: Covenant', 'Life', 'Life']"
Middle East,2019,"['It Chapter Two', 'Ready or Not', 'Midsommar']"
NASA,1962,['What Ever Happened to Baby Jane?']
NASA,1968,"[""Rosemary's Baby"", 'Night of the Living Dead', ""Shogun's Joy of Torture""]"
NASA,1969,['Marquis de Sade: Justine']
NASA,1972,['The Case of the Bloody Iris']
NASA,1973,['The Exorcist']
NASA,1975,"['Jaws', 'Deep Throat in Tokyo', 'The Rocky Horror Picture Show']"
NASA,1977,"['Exorcist II: The Heretic', 'Suspiria', 'Call of the Blonde Goddess', 'Emanuelle and the Last Cannibals']"
NASA,1981,"['Porno', 'Porno', 'The Evil Dead', 'The Evil Dead', 'Possession', 'Possession', 'Sadomania', 'Sadomania', 'An American Werewolf in London', 'An American Werewolf in London']"
NASA,1982,"['Female Teacher: In Front of the Students', 'The Thing']"
NASA,1986,"['The Texas Chainsaw Massacre 2', 'The Texas Chainsaw Massacre 2', 'The Texas Chainsaw Massacre 2', 'The Fly', 'The Fly', 'The Fly']"
NASA,1988,"[""Child's Play""]"
NASA,1990,['Erotic Ghost Story']
NASA,2000,"['Final Destination', 'Scream 3']"
NASA,2003,"['Final Destination 2', 'Wrong Turn', 'Jeepers Creepers 2', 'The Texas Chainsaw Massacre']"
NASA,2004,"['Van Helsing', 'Van Helsing', 'Van Helsing', 'Saw', 'Saw', 'Saw', 'Dawn of the Dead', 'Dawn of the Dead', 'Dawn of the Dead', 'Anacondas: The Hunt for the Blood Orchid', 'Anacondas: The Hunt for the Blood Orchid', 'Anacondas: The Hunt for the Blood Orchid', 'Shaun of the Dead', 'Shaun of the Dead', 'Shaun of the Dead']"
NASA,2006,"['Slaughtered Vomit Dolls', 'The Hills Have Eyes', 'Final Destination 3']"
NASA,2009,"['The Human Centipede (First Sequence)', 'The Human Centipede (First Sequence)', 'Wrong Turn 3: Left for Dead', 'Wrong Turn 3: Left for Dead']"
NASA,2011,"['Terrifier', 'Thriller Night']"
NASA,2019,"['It Chapter Two', 'It Chapter Two', 'Ready or Not', 'Ready or Not', 'Midsommar', 'Midsommar']"
Natural Disaster,1960,"['Psycho', 'Psycho', 'Peeping Tom', 'Peeping Tom', 'Village of the Damned', 'Village of the Damned', 'The Brides of Dracula', 'The Brides of Dracula', '13 Ghosts', '13 Ghosts', 'Eyes Without a Face', 'Eyes Without a Face']"
Natural Disaster,1963,"['The Birds', 'The Day of the Triffids']"
Natural Disaster,1964,['Onibaba']
Natural Disaster,1965,"['Planet of the Vampires', 'Repulsion']"
Natural Disaster,1969,"['Marquis de Sade: Justine', 'Marquis de Sade: Justine']"
Natural Disaster,1972,['The Case of the Bloody Iris']
Natural Disaster,1974,"['The Texas Chain Saw Massacre', 'The Texas Chain Saw Massacre', 'The Texas Chain Saw Massacre', 'The Texas Chain Saw Massacre', 'Black Christmas', 'Black Christmas', 'Black Christmas', 'Black Christmas']"
Natural Disaster,1975,"['Jaws', 'Deep Throat in Tokyo', 'The Rocky Horror Picture Show']"
Natural Disaster,1976,"['Rape!', 'Rape!', 'Rape!', 'Carrie', 'Carrie', 'Carrie', 'Salò, or the 120 Days of Sodom', 'Salò, or the 120 Days of Sodom', 'Salò, or the 120 Days of Sodom']"
Natural Disaster,1979,"['Alien', 'The Amityville Horror']"
Natural Disaster,1980,"['The Shining', 'The Shining', 'The Shining', 'Friday the 13th', 'Friday the 13th', 'Friday the 13th', 'Cannibal Holocaust', 'Cannibal Holocaust', 'Cannibal Holocaust']"
Natural Disaster,1981,"['Porno', 'The Evil Dead', 'Possession', 'Sadomania', 'An American Werewolf in London']"
Natural Disaster,1982,"['Female Teacher: In Front of the Students', 'The Thing']"
Natural Disaster,1988,"[""Child's Play"", ""Child's Play""]"
Natural Disaster,1990,"['Erotic Ghost Story', 'Erotic Ghost Story']"
Natural Disaster,1991,"[""Child's Play 3""]"
Natural Disaster,1992,"[""Bram Stoker's Dracula"", ""Bram Stoker's Dracula"", ""Bram Stoker's Dracula"", ""Bram Stoker's Dracula"", 'Alien³', 'Alien³', 'Alien³', 'Alien³', 'Erotic Ghost Story III', 'Erotic Ghost Story III', 'Erotic Ghost Story III', 'Erotic Ghost Story III', 'Dr. Lamb', 'Dr. Lamb', 'Dr. Lamb', 'Dr. Lamb']"
Natural Disaster,1994,"['A Chinese Torture Chamber Story', 'Interview with the Vampire']"
Natural Disaster,1995,"['Species', 'Species']"
Natural Disaster,1996,"['Scream', 'From Dusk Till Dawn']"
Natural Disaster,1997,"['Alien Resurrection', ""The Devil's Advocate"", 'Scream 2', 'I Know What You Did Last Summer', 'Anaconda']"
Natural Disaster,1999,"['The Blair Witch Project', 'The Blair Witch Project']"
Natural Disaster,2003,"['Final Destination 2', 'Final Destination 2', 'Wrong Turn', 'Wrong Turn', 'Jeepers Creepers 2', 'Jeepers Creepers 2', 'The Texas Chainsaw Massacre', 'The Texas Chainsaw Massacre']"
Natural Disaster,2004,"['Van Helsing', 'Van Helsing', 'Saw', 'Saw', 'Dawn of the Dead', 'Dawn of the Dead', 'Anacondas: The Hunt for the Blood Orchid', 'Anacondas: The Hunt for the Blood Orchid', 'Shaun of the Dead', 'Shaun of the Dead']"
Natural Disaster,2005,"['Constantine', 'Constantine', 'Constantine', 'Constantine', 'Constantine']"
Natural Disaster,2006,"['Slaughtered Vomit Dolls', 'The Hills Have Eyes', 'Final Destination 3']"
Natural Disaster,2007,"['Wrong Turn 2: Dead End', 'Aliens vs Predator: Requiem']"
Natural Disaster,2009,"['The Human Centipede (First Sequence)', 'The Human Centipede (First Sequence)', 'The Human Centipede (First Sequence)', 'Wrong Turn 3: Left for Dead', 'Wrong Turn 3: Left for Dead', 'Wrong Turn 3: Left for Dead']"
Natural Disaster,2011,"['Terrifier', 'Terrifier', 'Terrifier', 'Thriller Night', 'Thriller Night', 'Thriller Night']"
Natural Disaster,2012,['Wrong Turn 5: Bloodlines']
Natural Disaster,2013,"['The Conjuring', 'World War Z', ""All Hallows' Eve""]"
Natural Disaster,2017,"['Alien: Covenant', 'Alien: Covenant', 'Alien: Covenant', 'Life', 'Life', 'Life']"
Natural Disaster,2019,"['It Chapter Two', 'Ready or Not', 'Midsommar']"
Nuclear,1960,"['Psycho', 'Peeping Tom', 'Village of the Damned', 'The Brides of Dracula', '13 Ghosts', 'Eyes Without a Face']"
Nuclear,1962,"['What Ever Happened to Baby Jane?', 'What Ever Happened to Baby Jane?']"
Nuclear,1963,"['The Birds', 'The Day of the Triffids']"
Nuclear,1964,['Onibaba']
Nuclear,1968,"[""Rosemary's Baby"", 'Night of the Living Dead', ""Shogun's Joy of Torture""]"
Nuclear,1972,['The Case of the Bloody Iris']
Nuclear,1979,"['Alien', 'The Amityville Horror']"
Nuclear,1980,"['The Shining', 'Friday the 13th', 'Cannibal Holocaust']"
Nuclear,1981,"['Porno', 'The Evil Dead', 'Possession', 'Sadomania', 'An American Werewolf in London']"
Nuclear,1987,"[""Dragon Ball: Sleeping Princess in Devil's Castle""]"
Nuclear,1988,"[""Child's Play""]"
Nuclear,2003,"['Final Destination 2', 'Wrong Turn', 'Jeepers Creepers 2', 'The Texas Chainsaw Massacre']"
Nuclear,2005,['Constantine']
Nuclear,2007,"['Wrong Turn 2: Dead End', 'Wrong Turn 2: Dead End', 'Aliens vs Predator: Requiem', 'Aliens vs Predator: Requiem']"
Nuclear,2009,"['The Human Centipede (First Sequence)', 'Wrong Turn 3: Left for Dead']"
Nuclear,2017,"['Alien: Covenant', 'Life']"
Nuclear,2019,"['It Chapter Two', 'Ready or Not', 'Midsommar']"
Politics,1960,"['Psycho', 'Psycho', 'Psycho', 'Peeping Tom', 'Peeping Tom', 'Peeping Tom', 'Village of the Damned', 'Village of the Damned', 'Village of the Damned', 'The Brides of Dracula', 'The Brides of Dracula', 'The Brides of Dracula', '13 Ghosts', '13 Ghosts', '13 Ghosts', 'Eyes Without a Face', 'Eyes Without a Face', 'Eyes Without a Face']"
Politics,1963,"['The Birds', 'The Birds', 'The Day of the Triffids', 'The Day of the Triffids']"
Politics,1964,"['Onibaba', 'Onibaba', 'Onibaba']"
Politics,1965,"['Planet of the Vampires', 'Repulsion']"
Politics,1968,"[""Rosemary's Baby"", ""Rosemary's Baby"", ""Rosemary's Baby"", ""Rosemary's Baby"", ""Rosemary's Baby"", 'Night of the Living Dead', 'Night of the Living Dead', 'Night of the Living Dead', 'Night of the Living Dead', 'Night of the Living Dead', ""Shogun's Joy of Torture"", ""Shogun's Joy of Torture"", ""Shogun's Joy of Torture"", ""Shogun's Joy of Torture"", ""Shogun's Joy of Torture""]"
Politics,1969,"['Marquis de Sade: Justine', 'Marquis de Sade: Justine', 'Marquis de Sade: Justine']"
Politics,1972,"['The Case of the Bloody Iris', 'The Case of the Bloody Iris']"
Politics,1973,"['The Exorcist', 'The Exorcist', 'The Exorcist', 'The Exorcist', 'The Exorcist']"
Politics,1974,"['The Texas Chain Saw Massacre', 'The Texas Chain Saw Massacre', 'The Texas Chain Saw Massacre', 'The Texas Chain Saw Massacre', 'The Texas Chain Saw Massacre', 'The Texas Chain Saw Massacre', 'Black Christmas', 'Black Christmas', 'Black Christmas', 'Black Christmas', 'Black Christmas', 'Black Christmas']"
Politics,1975,"['Jaws', 'Deep Throat in Tokyo', 'The Rocky Horror Picture Show']"
Politics,1976,"['Rape!', 'Carrie', 'Salò, or the 120 Days of Sodom']"
Politics,1977,"['Exorcist II: The Heretic', 'Suspiria', 'Call of the Blonde Goddess', 'Emanuelle and the Last Cannibals']"
Politics,1980,"['The Shining', 'The Shining', 'Friday the 13th', 'Friday the 13th', 'Cannibal Holocaust', 'Cannibal Holocaust']"
Politics,1981,"['Porno', 'Porno', 'The Evil Dead', 'The Evil Dead', 'Possession', 'Possession', 'Sadomania', 'Sadomania', 'An American Werewolf in London', 'An American Werewolf in London']"
Politics,1984,"['A Nightmare on Elm Street', 'Gremlins', 'Nun in Rope Hell']"
Politics,1985,"[""A Nightmare on Elm Street Part 2: Freddy's Revenge"", 'Beautiful Teacher in Torture Hell', 'Daughters of Eve']"
Politics,1988,"[""Child's Play""]"
Politics,1992,"[""Bram Stoker's Dracula"", 'Alien³', 'Erotic Ghost Story III', 'Dr. Lamb']"
Politics,1996,"['Scream', 'From Dusk Till Dawn']"
Politics,1997,"['Alien Resurrection', ""The Devil's Advocate"", 'Scream 2', 'I Know What You Did Last Summer', 'Anaconda']"
Politics,1998,"['Blade', 'Blade', 'Blade', 'Bride of Chucky', 'Bride of Chucky', 'Bride of Chucky', 'The Faculty', 'The Faculty', 'The Faculty']"
Politics,2000,"['Final Destination', 'Final Destination', 'Final Destination', 'Scream 3', 'Scream 3', 'Scream 3']"
Politics,2003,"['Final Destination 2', 'Final Destination 2', 'Wrong Turn', 'Wrong Turn', 'Jeepers Creepers 2', 'Jeepers Creepers 2', 'The Texas Chainsaw Massacre', 'The Texas Chainsaw Massacre']"
Politics,2004,"['Van Helsing', 'Van Helsing', 'Saw', 'Saw', 'Dawn of the Dead', 'Dawn of the Dead', 'Anacondas: The Hunt for the Blood Orchid', 'Anacondas: The Hunt for the Blood Orchid', 'Shaun of the Dead', 'Shaun of the Dead']"
Politics,2005,['Constantine']
Politics,2006,"['Slaughtered Vomit Dolls', 'The Hills Have Eyes', 'Final Destination 3']"
Politics,2009,"['The Human Centipede (First Sequence)', 'The Human Centipede (First Sequence)', 'The Human Centipede (First Sequence)', 'Wrong Turn 3: Left for Dead', 'Wrong Turn 3: Left for Dead', 'Wrong Turn 3: Left for Dead']"
Politics,2010,['Splice']
Politics,2012,['Wrong Turn 5: Bloodlines']
Politics,2013,"['The Conjuring', 'World War Z', ""All Hallows' Eve""]"
Politics,2016,"['Train to Busan', 'The Conjuring 2']"
Politics,2017,"['Alien: Covenant', 'Alien: Covenant', 'Life', 'Life']"
Politics,2018,"['Terrifier', 'A Quiet Place', 'Hereditary', 'The Meg']"
Politics,2019,"['It Chapter Two', 'It Chapter Two', 'It Chapter Two', 'It Chapter Two', 'Ready or Not', 'Ready or Not', 'Ready or Not', 'Ready or Not', 'Midsommar', 'Midsommar', 'Midsommar', 'Midsommar']"
Religion,1963,"['The Birds', 'The Day of the Triffids']"
Religion,1995,['Species']
Religion,2000,"['Final Destination', 'Final Destination', 'Scream 3', 'Scream 3']"
Religion,2004,"['Van Helsing', 'Saw', 'Dawn of the Dead', 'Anacondas: The Hunt for the Blood Orchid', 'Shaun of the Dead']"
Religion,2005,['Constantine']
Religion,2006,"['Slaughtered Vomit Dolls', 'The Hills Have Eyes', 'Final Destination 3']"
Religion,2009,"['The Human Centipede (First Sequence)', 'The Human Centipede (First Sequence)', 'Wrong Turn 3: Left for Dead', 'Wrong Turn 3: Left for Dead']"
Science  ,1960,"['Psycho', 'Psycho', 'Peeping Tom', 'Peeping Tom', 'Village of the Damned', 'Village of the Damned', 'The Brides of Dracula', 'The Brides of Dracula', '13 Ghosts', '13 Ghosts', 'Eyes Without a Face', 'Eyes Without a Face']"
Science  ,1963,"['The Birds', 'The Day of the Triffids']"
Science  ,1964,['Onibaba']
Science  ,1965,"['Planet of the Vampires', 'Repulsion']"
Science  ,1967,"['The Fearless Vampire Killers', 'The Fearless Vampire Killers', 'Wait Until Dark', 'Wait Until Dark', 'Viy', 'Viy']"
Science  ,1973,"['The Exorcist', 'The Exorcist', 'The Exorcist']"
Science  ,1974,"['The Texas Chain Saw Massacre', 'Black Christmas']"
Science  ,1977,"['Exorcist II: The Heretic', 'Exorcist II: The Heretic', 'Suspiria', 'Suspiria', 'Call of the Blonde Goddess', 'Call of the Blonde Goddess', 'Emanuelle and the Last Cannibals', 'Emanuelle and the Last Cannibals']"
Science  ,1978,"['Halloween', 'Dawn of the Dead', 'Day of the Woman', 'Damien: Omen II']"
Science  ,1980,"['The Shining', 'Friday the 13th', 'Cannibal Holocaust']"
Science  ,1986,"['The Texas Chainsaw Massacre 2', 'The Fly']"
Science  ,1990,"['Erotic Ghost Story', 'Erotic Ghost Story', 'Erotic Ghost Story', 'Erotic Ghost Story', 'Erotic Ghost Story', 'Erotic Ghost Story', 'Erotic Ghost Story', 'Erotic Ghost Story', 'Erotic Ghost Story', 'Erotic Ghost Story', 'Erotic Ghost Story', 'Erotic Ghost Story', 'Erotic Ghost Story', 'Erotic Ghost Story', 'Erotic Ghost Story']"
Science  ,1991,"[""Child's Play 3""]"
Science  ,1992,"[""Bram Stoker's Dracula"", 'Alien³', 'Erotic Ghost Story III', 'Dr. Lamb']"
Science  ,1995,['Species']
Science  ,1996,"['Scream', 'From Dusk Till Dawn']"
Science  ,1997,"['Alien Resurrection', 'Alien Resurrection', ""The Devil's Advocate"", ""The Devil's Advocate"", 'Scream 2', 'Scream 2', 'I Know What You Did Last Summer', 'I Know What You Did Last Summer', 'Anaconda', 'Anaconda']"
Science  ,2000,"['Final Destination', 'Final Destination', 'Scream 3', 'Scream 3']"
Science  ,2002,['28 Days Later']
Science  ,2003,"['Final Destination 2', 'Final Destination 2', 'Final Destination 2', 'Wrong Turn', 'Wrong Turn', 'Wrong Turn', 'Jeepers Creepers 2', 'Jeepers Creepers 2', 'Jeepers Creepers 2', 'The Texas Chainsaw Massacre', 'The Texas Chainsaw Massacre', 'The Texas Chainsaw Massacre']"
Science  ,2005,"['Constantine', 'Constantine', 'Constantine']"
Science  ,2006,"['Slaughtered Vomit Dolls', 'Slaughtered Vomit Dolls', 'The Hills Have Eyes', 'The Hills Have Eyes', 'Final Destination 3', 'Final Destination 3']"
Science  ,2007,"['Wrong Turn 2: Dead End', 'Aliens vs Predator: Requiem']"
Science  ,2009,"['The Human Centipede (First Sequence)', 'The Human Centipede (First Sequence)', 'The Human Centipede (First Sequence)', 'Wrong Turn 3: Left for Dead', 'Wrong Turn 3: Left for Dead', 'Wrong Turn 3: Left for Dead']"
Science  ,2019,"['It Chapter Two', 'It Chapter Two', 'Ready or Not', 'Ready or Not', 'Midsommar', 'Midsommar']"
South America,1960,"['Psycho', 'Peeping Tom', 'Village of the Damned', 'The Brides of Dracula', '13 Ghosts', 'Eyes Without a Face']"
South America,1964,"['Onibaba', 'Onibaba']"
South America,1968,"[""Rosemary's Baby"", ""Rosemary's Baby"", 'Night of the Living Dead', 'Night of the Living Dead', ""Shogun's Joy of Torture"", ""Shogun's Joy of Torture""]"
South America,1973,"['The Exorcist', 'The Exorcist']"
South America,1976,"['Rape!', 'Rape!', 'Carrie', 'Carrie', 'Salò, or the 120 Days of Sodom', 'Salò, or the 120 Days of Sodom']"
South America,1979,"['Alien', 'Alien', 'Alien', 'The Amityville Horror', 'The Amityville Horror', 'The Amityville Horror']"
South America,1980,"['The Shining', 'The Shining', 'The Shining', 'Friday the 13th', 'Friday the 13th', 'Friday the 13th', 'Cannibal Holocaust', 'Cannibal Holocaust', 'Cannibal Holocaust']"
South America,1981,"['Porno', 'The Evil Dead', 'Possession', 'Sadomania', 'An American Werewolf in London']"
South America,1990,"['Erotic Ghost Story', 'Erotic Ghost Story']"
South America,1992,"[""Bram Stoker's Dracula"", 'Alien³', 'Erotic Ghost Story III', 'Dr. Lamb']"
South America,1994,"['A Chinese Torture Chamber Story', 'A Chinese Torture Chamber Story', 'Interview with the Vampire', 'Interview with the Vampire']"
South America,2002,"['28 Days Later', '28 Days Later']"
South America,2009,"['The Human Centipede (First Sequence)', 'Wrong Turn 3: Left for Dead']"
South America,2019,"['It Chapter Two', 'Ready or Not', 'Midsommar']"
Sports,1960,"['Psycho', 'Psycho', 'Peeping Tom', 'Peeping Tom', 'Village of the Damned', 'Village of the Damned', 'The Brides of Dracula', 'The Brides of Dracula', '13 Ghosts', '13 Ghosts', 'Eyes Without a Face', 'Eyes Without a Face']"
Sports,1964,"['Onibaba', 'Onibaba']"
Sports,1967,"['The Fearless Vampire Killers', 'Wait Until Dark', 'Viy']"
Sports,1968,"[""Rosemary's Baby"", ""Rosemary's Baby"", 'Night of the Living Dead', 'Night of the Living Dead', ""Shogun's Joy of Torture"", ""Shogun's Joy of Torture""]"
Sports,1969,['Marquis de Sade: Justine']
Sports,1972,"['The Case of the Bloody Iris', 'The Case of the Bloody Iris']"
Sports,1974,"['The Texas Chain Saw Massacre', 'Black Christmas']"
Sports,1980,"['The Shining', 'The Shining', 'The Shining', 'The Shining', 'Friday the 13th', 'Friday the 13th', 'Friday the 13th', 'Friday the 13th', 'Cannibal Holocaust', 'Cannibal Holocaust', 'Cannibal Holocaust', 'Cannibal Holocaust']"
Sports,1984,"['A Nightmare on Elm Street', 'A Nightmare on Elm Street', 'A Nightmare on Elm Street', 'Gremlins', 'Gremlins', 'Gremlins', 'Nun in Rope Hell', 'Nun in Rope Hell', 'Nun in Rope Hell']"
Sports,1985,"[""A Nightmare on Elm Street Part 2: Freddy's Revenge"", 'Beautiful Teacher in Torture Hell', 'Daughters of Eve']"
Sports,1987,"[""Dragon Ball: Sleeping Princess in Devil's Castle""]"
Sports,1988,"[""Child's Play"", ""Child's Play""]"
Sports,1991,"[""Child's Play 3""]"
Sports,1992,"[""Bram Stoker's Dracula"", ""Bram Stoker's Dracula"", 'Alien³', 'Alien³', 'Erotic Ghost Story III', 'Erotic Ghost Story III', 'Dr. Lamb', 'Dr. Lamb']"
Sports,1994,"['A Chinese Torture Chamber Story', 'A Chinese Torture Chamber Story', 'A Chinese Torture Chamber Story', 'Interview with the Vampire', 'Interview with the Vampire', 'Interview with the Vampire']"
Sports,1996,"['Scream', 'From Dusk Till Dawn']"
Sports,2000,"['Final Destination', 'Scream 3']"
Technology,1960,"['Psycho', 'Psycho', 'Peeping Tom', 'Peeping Tom', 'Village of the Damned', 'Village of the Damned', 'The Brides of Dracula', 'The Brides of Dracula', '13 Ghosts', '13 Ghosts', 'Eyes Without a Face', 'Eyes Without a Face']"
Technology,1962,"['What Ever Happened to Baby Jane?', 'What Ever Happened to Baby Jane?', 'What Ever Happened to Baby Jane?']"
Technology,1963,"['The Birds', 'The Birds', 'The Birds', 'The Birds', 'The Birds', 'The Day of the Triffids', 'The Day of the Triffids', 'The Day of the Triffids', 'The Day of the Triffids', 'The Day of the Triffids']"
Technology,1964,"['Onibaba', 'Onibaba', 'Onibaba', 'Onibaba', 'Onibaba', 'Onibaba', 'Onibaba']"
Technology,1967,"['The Fearless Vampire Killers', 'The Fearless Vampire Killers', 'Wait Until Dark', 'Wait Until Dark', 'Viy', 'Viy']"
Technology,1968,"[""Rosemary's Baby"", ""Rosemary's Baby"", 'Night of the Living Dead', 'Night of the Living Dead', ""Shogun's Joy of Torture"", ""Shogun's Joy of Torture""]"
Technology,1969,"['Marquis de Sade: Justine', 'Marquis de Sade: Justine']"
Technology,1972,"['The Case of the Bloody Iris', 'The Case of the Bloody Iris']"
Technology,1973,"['The Exorcist', 'The Exorcist', 'The Exorcist']"
Technology,1974,"['The Texas Chain Saw Massacre', 'Black Christmas']"
Technology,1976,"['Rape!', 'Rape!', 'Rape!', 'Rape!', 'Carrie', 'Carrie', 'Carrie', 'Carrie', 'Salò, or the 120 Days of Sodom', 'Salò, or the 120 Days of Sodom', 'Salò, or the 120 Days of Sodom', 'Salò, or the 120 Days of Sodom']"
Technology,1977,"['Exorcist II: The Heretic', 'Exorcist II: The Heretic', 'Exorcist II: The Heretic', 'Suspiria', 'Suspiria', 'Suspiria', 'Call of the Blonde Goddess', 'Call of the Blonde Goddess', 'Call of the Blonde Goddess', 'Emanuelle and the Last Cannibals', 'Emanuelle and the Last Cannibals', 'Emanuelle and the Last Cannibals']"
Technology,1978,"['Halloween', 'Halloween', 'Dawn of the Dead', 'Dawn of the Dead', 'Day of the Woman', 'Day of the Woman', 'Damien: Omen II', 'Damien: Omen II']"
Technology,1979,"['Alien', 'The Amityville Horror']"
Technology,1980,"['The Shining', 'The Shining', 'The Shining', 'The Shining', 'The Shining', 'The Shining', 'Friday the 13th', 'Friday the 13th', 'Friday the 13th', 'Friday the 13th', 'Friday the 13th', 'Friday the 13th', 'Cannibal Holocaust', 'Cannibal Holocaust', 'Cannibal Holocaust', 'Cannibal Holocaust', 'Cannibal Holocaust', 'Cannibal Holocaust']"
Technology,1981,"['Porno', 'Porno', 'The Evil Dead', 'The Evil Dead', 'Possession', 'Possession', 'Sadomania', 'Sadomania', 'An American Werewolf in London', 'An American Werewolf in London']"
Technology,1982,"['Female Teacher: In Front of the Students', 'Female Teacher: In Front of the Students', 'The Thing', 'The Thing']"
Technology,1984,"['A Nightmare on Elm Street', 'Gremlins', 'Nun in Rope Hell']"
Technology,1985,"[""A Nightmare on Elm Street Part 2: Freddy's Revenge"", 'Beautiful Teacher in Torture Hell', 'Daughters of Eve']"
Technology,1990,"['Erotic Ghost Story', 'Erotic Ghost Story', 'Erotic Ghost Story', 'Erotic Ghost Story', 'Erotic Ghost Story', 'Erotic Ghost Story', 'Erotic Ghost Story', 'Erotic Ghost Story', 'Erotic Ghost Story', 'Erotic Ghost Story', 'Erotic Ghost Story', 'Erotic Ghost Story', 'Erotic Ghost Story', 'Erotic Ghost Story', 'Erotic Ghost Story', 'Erotic Ghost Story', 'Erotic Ghost Story', 'Erotic Ghost Story', 'Erotic Ghost Story']"
Technology,1991,"[""Child's Play 3"", ""Child's Play 3"", ""Child's Play 3"", ""Child's Play 3"", ""Child's Play 3"", ""Child's Play 3""]"
Technology,1992,"[""Bram Stoker's Dracula"", 'Alien³', 'Erotic Ghost Story III', 'Dr. Lamb']"
Technology,1994,"['A Chinese Torture Chamber Story', 'Interview with the Vampire']"
Technology,1995,"['Species', 'Species']"
Technology,1997,"['Alien Resurrection', 'Alien Resurrection', ""The Devil's Advocate"", ""The Devil's Advocate"", 'Scream 2', 'Scream 2', 'I Know What You Did Last Summer', 'I Know What You Did Last Summer', 'Anaconda', 'Anaconda']"
Technology,1998,"['Blade', 'Blade', 'Bride of Chucky', 'Bride of Chucky', 'The Faculty', 'The Faculty']"
Technology,1999,['The Blair Witch Project']
Technology,2000,"['Final Destination', 'Final Destination', 'Final Destination', 'Final Destination', 'Final Destination', 'Final Destination', 'Final Destination', 'Final Destination', 'Final Destination', 'Final Destination', 'Final Destination', 'Final Destination', 'Final Destination', 'Final Destination', 'Final Destination', 'Final Destination', 'Final Destination', 'Final Destination', 'Final Destination', 'Final Destination', 'Final Destination', 'Final Destination', 'Final Destination', 'Final Destination', 'Final Destination', 'Final Destination', 'Final Destination', 'Final Destination', 'Final Destination', 'Final Destination', 'Final Destination', 'Final Destination', 'Final Destination', 'Final Destination', 'Final Destination', 'Final Destination', 'Final Destination', 'Final Destination', 'Final Destination', 'Scream 3', 'Scream 3', 'Scream 3', 'Scream 3', 'Scream 3', 'Scream 3', 'Scream 3', 'Scream 3', 'Scream 3', 'Scream 3', 'Scream 3', 'Scream 3', 'Scream 3', 'Scream 3', 'Scream 3', 'Scream 3', 'Scream 3', 'Scream 3', 'Scream 3', 'Scream 3', 'Scream 3', 'Scream 3', 'Scream 3', 'Scream 3', 'Scream 3', 'Scream 3', 'Scream 3', 'Scream 3', 'Scream 3', 'Scream 3', 'Scream 3', 'Scream 3', 'Scream 3', 'Scream 3', 'Scream 3', 'Scream 3', 'Scream 3', 'Scream 3', 'Scream 3']"
Technology,2002,['28 Days Later']
Technology,2003,"['Final Destination 2', 'Wrong Turn', 'Jeepers Creepers 2', 'The Texas Chainsaw Massacre']"
Technology,2004,"['Van Helsing', 'Van Helsing', 'Saw', 'Saw', 'Dawn of the Dead', 'Dawn of the Dead', 'Anacondas: The Hunt for the Blood Orchid', 'Anacondas: The Hunt for the Blood Orchid', 'Shaun of the Dead', 'Shaun of the Dead']"
Technology,2006,"['Slaughtered Vomit Dolls', 'The Hills Have Eyes', 'Final Destination 3']"
Technology,2007,"['Wrong Turn 2: Dead End', 'Wrong Turn 2: Dead End', 'Wrong Turn 2: Dead End', 'Aliens vs Predator: Requiem', 'Aliens vs Predator: Requiem', 'Aliens vs Predator: Requiem']"
Technology,2009,"['The Human Centipede (First Sequence)', 'The Human Centipede (First Sequence)', 'Wrong Turn 3: Left for Dead', 'Wrong Turn 3: Left for Dead']"
Terroist Attacks,1972,['The Case of the Bloody Iris']
Terroist Attacks,1980,"['The Shining', 'Friday the 13th', 'Cannibal Holocaust']"
Terroist Attacks,1981,"['Porno', 'The Evil Dead', 'Possession', 'Sadomania', 'An American Werewolf in London']"
Terroist Attacks,1985,"[""A Nightmare on Elm Street Part 2: Freddy's Revenge"", ""A Nightmare on Elm Street Part 2: Freddy's Revenge"", 'Beautiful Teacher in Torture Hell', 'Beautiful Teacher in Torture Hell', 'Daughters of Eve', 'Daughters of Eve']"
Terroist Attacks,1988,"[""Child's Play""]"
Terroist Attacks,1994,"['A Chinese Torture Chamber Story', 'Interview with the Vampire']"
Terroist Attacks,2002,"['28 Days Later', '28 Days Later']"
Terroist Attacks,2003,"['Final Destination 2', 'Final Destination 2', 'Wrong Turn', 'Wrong Turn', 'Jeepers Creepers 2', 'Jeepers Creepers 2', 'The Texas Chainsaw Massacre', 'The Texas Chainsaw Massacre']"
Terroist Attacks,2004,"['Van Helsing', 'Van Helsing', 'Saw', 'Saw', 'Dawn of the Dead', 'Dawn of the Dead', 'Anacondas: The Hunt for the Blood Orchid', 'Anacondas: The Hunt for the Blood Orchid', 'Shaun of the Dead', 'Shaun of the Dead']"
Terroist Attacks,2005,['Constantine']
Terroist Attacks,2006,"['Slaughtered Vomit Dolls', 'The Hills Have Eyes', 'Final Destination 3']"
Terroist Attacks,2007,"['Wrong Turn 2: Dead End', 'Aliens vs Predator: Requiem']"
Terroist Attacks,2009,"['The Human Centipede (First Sequence)', 'The Human Centipede (First Sequence)', 'Wrong Turn 3: Left for Dead', 'Wrong Turn 3: Left for Dead']"
Terroist Attacks,2017,"['Alien: Covenant', 'Alien: Covenant', 'Life', 'Life']"
